"term","Hypertension (Prevalence)_OR_sig","Diabetes (Prevalence)_OR_sig","Dyslipidemia (Prevalence)_OR_sig","Hypertension (Awareness)_OR_sig","Diabetes (Awareness)_OR_sig","Dyslipidemia (Awareness)_OR_sig","Hypertension (Prevalence)_p.value","Diabetes (Prevalence)_p.value","Dyslipidemia (Prevalence)_p.value","Hypertension (Awareness)_p.value","Diabetes (Awareness)_p.value","Dyslipidemia (Awareness)_p.value"
"(Intercept)","0.26 (0.08–0.84)*","0.12 (0.01–0.92)*","0.09 (0.01–0.73)*","2.85 (0.27–29.67)","0.00 (NaN–NaN)","212510.39 (NaN–NaN)",0.0245850993277526,0.0419608010408248,0.0243753622546348,0.379866070425477,NA,NA
"strata1_0_0_0","0.43 (0.04–4.71)","0.00 (0.00–Inf)","1.96 (0.10–38.86)","0.00 (0.00–Inf)",NA,"0.00 (NaN–NaN)",0.487224237534361,0.995772320044003,0.659865512977723,0.998775565688676,NA,NA
"strata2_0_0_0","1.68 (0.30–9.41)","0.00 (0.00–Inf)","16.15 (1.27–205.52)*","0.29 (0.01–11.80)",NA,"0.00 (NaN–NaN)",0.554389361413394,0.995779747708876,0.0320789752341055,0.514780254758407,NA,NA
"strata0_1_0_0","2.87 (0.66–12.50)","2.26 (0.21–23.99)","5.61 (0.56–56.50)","0.11 (0.01–1.96)","0.00 (NaN–NaN)","0.00 (NaN–NaN)",0.160480734189942,0.498453239281446,0.143110217990759,0.132495801139105,NA,NA
"strata1_1_0_0","2.97 (0.43–20.74)","3.53 (0.25–50.66)","6.69 (0.52–85.21)","0.00 (0.00–Inf)","0.00 (NaN–NaN)","0.00 (NaN–NaN)",0.272306293974808,0.35376086694009,0.143386654568088,0.999658670190086,NA,NA
"strata2_1_0_0","0.00 (0.00–7407375338945090747942358768385158901509074398455953213339467628012898512538032231839753136477569024.00)","0.00 (0.00–Inf)","6.63 (0.41–106.83)",NA,NA,"0.00 (NaN–NaN)",0.935830829310808,0.995735078296984,0.18235009036298,NA,NA,NA
"strata0_0_1_0","1.17 (0.35–3.87)","0.96 (0.12–7.82)","5.54 (0.69–44.56)","0.27 (0.03–2.90)","319909.26 (NaN–NaN)","0.00 (NaN–NaN)",0.802934775714465,0.966704710765177,0.107515222073534,0.28039496257227,NA,NA
"strata1_0_1_0","1.64 (0.48–5.59)","1.94 (0.23–16.19)","5.31 (0.65–43.55)","0.26 (0.02–2.95)","152137.93 (NaN–NaN)","0.00 (NaN–NaN)",0.430754570524898,0.539502799396558,0.120057066275764,0.279842542941922,NA,NA
"strata2_0_1_0","1.06 (0.30–3.73)","1.06 (0.12–9.23)","7.36 (0.89–60.84)","0.42 (0.04–4.93)","565842.34 (NaN–NaN)","0.00 (NaN–NaN)",0.925897556179344,0.96113889055627,0.0641702987325222,0.48703122367203,NA,NA
"strata0_1_1_0","1.36 (0.41–4.55)","1.02 (0.12–8.46)","7.66 (0.95–61.85)","0.19 (0.02–2.06)","136946.20 (NaN–NaN)","0.00 (NaN–NaN)",0.612961489814125,0.984248800056807,0.0562128982642412,0.172557555998134,NA,NA
"strata1_1_1_0","1.77 (0.51–6.13)","1.15 (0.13–9.97)","8.51 (1.03–70.28)*","0.19 (0.02–2.16)","39504.45 (NaN–NaN)","0.00 (NaN–NaN)",0.368368724534722,0.896924022640762,0.0467304450436913,0.179270255266028,NA,NA
"strata2_1_1_0","2.36 (0.67–8.29)","2.98 (0.35–25.49)","9.69 (1.16–81.06)*","0.18 (0.02–2.18)","511214.03 (NaN–NaN)","0.00 (NaN–NaN)",0.181250136027972,0.318160459883594,0.0361019690628586,0.177955809921078,NA,NA
"strata0_0_0_1","3.42 (0.89–13.13)","1.80 (0.19–17.26)","5.39 (0.61–48.02)","0.43 (0.03–5.39)","433675.34 (NaN–NaN)","0.00 (NaN–NaN)",0.0731025302660184,0.610953770707725,0.13102432202589,0.514079399607469,NA,NA
"strata1_0_0_1","2.49 (0.53–11.66)","1.40 (0.11–18.30)","7.31 (0.71–75.68)","0.57 (0.03–9.38)","0.00 (NaN–NaN)","0.00 (NaN–NaN)",0.246379954967658,0.797165173967715,0.0952584221209729,0.690744527518013,NA,NA
"strata2_0_0_1","3.08 (0.65–14.55)","2.13 (0.16–28.65)","10.40 (1.01–106.91)*","0.37 (0.02–5.85)","741094.24 (NaN–NaN)","0.00 (NaN–NaN)",0.155018600468845,0.567439851569014,0.0488115312268774,0.483079319073344,NA,NA
"strata0_1_0_1","2.60 (0.65–10.34)","2.67 (0.26–27.08)","15.91 (1.70–148.57)*","0.74 (0.05–10.41)","403150.56 (NaN–NaN)","0.00 (NaN–NaN)",0.176102775239803,0.406137984255064,0.0151976662499255,0.826017841288904,NA,NA
"strata1_1_0_1","5.19 (0.85–31.56)","0.00 (0.00–Inf)","9.64 (0.81–114.75)","0.26 (0.01–5.10)",NA,"0.00 (NaN–NaN)",0.0737471485469783,0.995776488652754,0.0728441016721509,0.373073093186187,NA,NA
"strata2_1_0_1","5.68 (0.81–39.74)","3.15 (0.14–69.77)","6.65 (0.41–108.39)","0.36 (0.02–8.08)","24873257142276798358536678989354834736658225385444449798122728596419064196161700016812635674607433547776.00 (NaN–NaN)","51671374790692387983695442639208416025896872446785686186934686737760969643786038545896873459383371214563310646711299969004393290671654943756357257458236009048560208356356257236486119762370818534307414259565505386419060736.00 (NaN–NaN)",0.0800531389887871,0.467918744784518,0.183621713808487,0.52066094485785,NA,NA
"strata0_0_1_1","2.28 (0.69–7.51)","1.70 (0.21–13.72)","8.90 (1.11–71.37)*","0.49 (0.05–5.15)","398641.44 (NaN–NaN)","0.00 (NaN–NaN)",0.17640251122096,0.619880890934022,0.0395626851229408,0.552948501333374,NA,NA
"strata1_0_1_1","2.41 (0.72–8.07)","1.78 (0.22–14.62)","10.83 (1.34–87.69)*","0.43 (0.04–4.54)","517524.57 (NaN–NaN)","0.00 (NaN–NaN)",0.155049779573829,0.59062730326285,0.0255766268320811,0.479376358247238,NA,NA
"strata2_0_1_1","2.36 (0.70–7.98)","1.48 (0.18–12.37)","8.88 (1.09–72.44)*","0.51 (0.05–5.53)","743753.57 (NaN–NaN)","0.00 (NaN–NaN)",0.16782639464761,0.7155500862319,0.0413357104571842,0.580095177722672,NA,NA
"strata0_1_1_1","2.76 (0.84–9.11)","2.11 (0.26–17.06)","12.28 (1.53–98.63)*","0.36 (0.03–3.73)","242004.09 (NaN–NaN)","0.00 (NaN–NaN)",0.0959405706775086,0.485037915667097,0.0182715191541659,0.388868013905914,NA,NA
"strata1_1_1_1","2.92 (0.87–9.81)","2.12 (0.26–17.42)","19.23 (2.37–156.26)**","0.39 (0.04–4.22)","248830.21 (NaN–NaN)","0.00 (NaN–NaN)",0.0838902427799442,0.486166785794954,0.00568009677358305,0.441154326679062,NA,NA
"strata2_1_1_1","3.97 (1.18–13.44)*","3.47 (0.42–28.62)","18.11 (2.22–147.87)**","0.52 (0.05–5.60)","478234.66 (NaN–NaN)","0.00 (NaN–NaN)",0.0264465182829525,0.247968225666501,0.00686401125142208,0.590020876635884,NA,NA
"strata0_0_0_2","3.31 (0.90–12.19)","2.79 (0.32–24.75)","12.76 (1.49–109.11)*","0.53 (0.04–6.34)","299956.40 (NaN–NaN)","0.00 (NaN–NaN)",0.071736738027435,0.355882023423136,0.0200838800861362,0.617966799568991,NA,NA
"strata1_0_0_2","2.62 (0.61–11.28)","2.29 (0.22–24.24)","16.06 (1.68–153.14)*","0.98 (0.06–14.95)","186186.75 (NaN–NaN)","0.00 (NaN–NaN)",0.194873665981578,0.492241822065163,0.015840548451333,0.988261016035359,NA,NA
"strata2_0_0_2","4.08 (0.94–17.83)","3.12 (0.30–32.12)","22.03 (2.20–220.85)**","0.81 (0.05–12.19)","589816.22 (NaN–NaN)","0.00 (NaN–NaN)",0.0612862756113472,0.339147727516701,0.00854789947220451,0.880305970519273,NA,NA
"strata0_1_0_2","4.16 (1.11–15.61)*","0.74 (0.07–8.07)","9.85 (1.12–86.78)*","0.23 (0.02–2.89)","774979.11 (NaN–NaN)","0.00 (NaN–NaN)",0.0345791668020398,0.801677766022515,0.0393207823362695,0.257704992231259,NA,NA
"strata1_1_0_2","4.68 (0.93–23.61)","0.84 (0.04–15.93)","23.69 (2.15–260.71)**","0.35 (0.02–5.42)","803434305090623098105705299087178558056690701958291802222880201689313897650771033226959283210420224.00 (NaN–NaN)","0.00 (NaN–NaN)",0.0616854654216744,0.910069825863312,0.00970555790429016,0.450738988595432,NA,NA
"strata2_1_0_2","17.61 (2.50–124.26)**","0.00 (0.00–Inf)","22.87 (1.96–266.82)*","0.38 (0.03–5.59)",NA,"0.00 (NaN–NaN)",0.00401221435495902,0.996073863358314,0.0125307088278041,0.483831806480767,NA,NA
"strata0_0_1_2","3.10 (0.94–10.26)","2.75 (0.34–22.25)","10.63 (1.32–85.36)*","0.52 (0.05–5.46)","354394.74 (NaN–NaN)","0.00 (NaN–NaN)",0.0632385917323094,0.341801021860973,0.0261066684830655,0.586810138761573,NA,NA
"strata1_0_1_2","4.42 (1.30–15.01)*","2.22 (0.27–18.38)","12.66 (1.55–103.34)*","0.56 (0.05–6.02)","445341.02 (NaN–NaN)","0.00 (NaN–NaN)",0.0171971014108305,0.460971255312092,0.017818192002269,0.630725628245607,NA,NA
"strata2_0_1_2","2.93 (0.86–9.93)","2.45 (0.30–20.24)","13.84 (1.70–112.94)*","0.84 (0.08–9.21)","601145.71 (NaN–NaN)","0.00 (NaN–NaN)",0.0851125593467381,0.406083304333889,0.0141346413073101,0.88978311184204,NA,NA
"strata0_1_1_2","3.36 (1.02–11.13)*","2.05 (0.25–16.58)","8.77 (1.09–70.45)*","0.47 (0.04–4.92)","286249.70 (NaN–NaN)","0.00 (NaN–NaN)",0.046885107937087,0.502665807610965,0.041119414605159,0.527276651710811,NA,NA
"strata1_1_1_2","4.06 (1.19–13.81)*","2.03 (0.24–16.92)","15.71 (1.92–128.50)*","0.38 (0.03–4.06)","326737.78 (NaN–NaN)","0.00 (NaN–NaN)",0.0248064587890816,0.512540386336185,0.0102246899197709,0.420159906885932,NA,NA
"strata2_1_1_2","4.41 (1.31–14.89)*","2.22 (0.27–18.38)","14.77 (1.81–120.33)*","0.53 (0.05–5.63)","479874.74 (NaN–NaN)","0.00 (NaN–NaN)",0.0167413847452508,0.459296794948988,0.0118559293875246,0.595121636841975,NA,NA
"strata0_0_0_3","5.28 (1.51–18.37)**","2.03 (0.24–17.50)","9.15 (1.10–76.14)*","1.12 (0.10–12.58)","272464.67 (NaN–NaN)","0.00 (NaN–NaN)",0.00899548392875531,0.518041651834232,0.0406821067925765,0.927692332599553,NA,NA
"strata1_0_0_3","5.01 (1.30–19.29)*","1.85 (0.20–17.41)","12.84 (1.45–113.85)*","0.58 (0.05–7.39)","2597975.43 (NaN–NaN)","0.00 (NaN–NaN)",0.0191035969315068,0.590723488364217,0.0218693589073477,0.677870643395061,NA,NA
"strata2_0_0_3","5.26 (1.42–19.55)*","5.16 (0.59–45.38)","13.45 (1.55–117.13)*","0.63 (0.05–7.60)","653354.15 (NaN–NaN)","0.00 (NaN–NaN)",0.0131045068828472,0.139261365145611,0.0185605875765814,0.717246895481165,NA,NA
"strata0_1_0_3","3.80 (1.07–13.53)*","2.07 (0.24–17.96)","12.88 (1.53–108.35)*","0.83 (0.07–9.50)","50329.45 (NaN–NaN)","0.00 (NaN–NaN)",0.0391889463034813,0.511044918778216,0.0186891707540565,0.877903038001279,NA,NA
"strata1_1_0_3","6.48 (1.49–28.09)*","3.35 (0.31–36.65)","24.17 (2.42–241.63)**","0.49 (0.04–6.55)","203569.07 (NaN–NaN)","0.00 (NaN–NaN)",0.0125863652598639,0.322380274744848,0.00669770216306447,0.592770783077655,NA,NA
"strata2_1_0_3","15.12 (2.95–77.43)**","3.59 (0.35–37.13)","8.38 (0.85–82.56)","0.70 (0.05–9.30)","2124171165209954559460931078953786226501367937380308632992749378816122809240049434604724005943589010663276544.00 (NaN–NaN)","0.00 (NaN–NaN)",0.00111533464055762,0.284144101161636,0.0686544121252992,0.784114031035217,NA,NA
"strata0_0_1_3","3.56 (1.08–11.73)*","2.91 (0.36–23.43)","12.80 (1.60–102.66)*","0.69 (0.07–7.17)","426261.85 (NaN–NaN)","0.00 (NaN–NaN)",0.0372094681347957,0.316533394724847,0.0163720007789491,0.752822555228764,NA,NA
"strata1_0_1_3","5.17 (1.54–17.35)**","3.31 (0.41–27.01)","16.91 (2.08–137.11)**","0.80 (0.08–8.52)","524928.19 (NaN–NaN)","0.00 (NaN–NaN)",0.00788438712383695,0.264080194925522,0.00809811465283967,0.852943136986084,NA,NA
"strata2_0_1_3","4.70 (1.39–15.88)*","3.77 (0.46–30.94)","13.44 (1.65–109.53)*","1.13 (0.10–12.26)","844776.67 (NaN–NaN)","0.00 (NaN–NaN)",0.0127639007047039,0.217320053635859,0.0152087059324668,0.917922001855652,NA,NA
"strata0_1_1_3","3.99 (1.21–13.19)*","2.55 (0.32–20.58)","9.26 (1.15–74.36)*","0.47 (0.05–4.96)","244649.33 (NaN–NaN)","0.00 (NaN–NaN)",0.023080116515768,0.380308631763925,0.0361689335091612,0.533586817942253,NA,NA
"strata1_1_1_3","6.31 (1.87–21.30)**","3.07 (0.37–25.24)","15.53 (1.91–126.39)*","0.43 (0.04–4.56)","338096.33 (NaN–NaN)","0.00 (NaN–NaN)",0.00302506315515087,0.296171458778273,0.0103554708722563,0.482765812716266,NA,NA
"strata2_1_1_3","5.59 (1.66–18.81)**","3.77 (0.46–30.85)","19.40 (2.38–157.79)**","0.46 (0.04–4.92)","563060.67 (NaN–NaN)","0.00 (NaN–NaN)",0.00541757018772764,0.21641789855991,0.00556279308113299,0.522595646288915,NA,NA
"strata0_0_0_4","7.32 (2.14–24.98)**","2.71 (0.33–22.51)","12.95 (1.58–106.20)*","0.69 (0.06–7.37)","85186.62 (NaN–NaN)","0.00 (NaN–NaN)",0.00148917132182393,0.357288928129918,0.0170504191417508,0.755508395111868,NA,NA
"strata1_0_0_4","7.71 (2.03–29.35)**","3.50 (0.39–31.62)","9.27 (1.05–81.77)*","0.50 (0.04–5.98)","249911.22 (NaN–NaN)","0.00 (NaN–NaN)",0.00274532896997662,0.265224328721248,0.0449050729222356,0.584939446719452,NA,NA
"strata2_0_0_4","6.60 (1.64–26.61)**","7.82 (0.83–73.38)","20.15 (2.19–185.36)**","0.59 (0.05–7.32)","1984991.45 (NaN–NaN)","0.00 (NaN–NaN)",0.00796148873867335,0.0717275795771774,0.0079777569595408,0.681437737933325,NA,NA
"strata0_1_0_4","7.84 (2.21–27.81)**","3.37 (0.40–28.73)","5.83 (0.69–49.14)","0.51 (0.05–5.59)","352659.72 (NaN–NaN)","0.00 (NaN–NaN)",0.00142941834228117,0.266652514306907,0.104823784264702,0.57915522708124,NA,NA
"strata1_1_0_4","14.88 (3.08–71.92)***","5.96 (0.59–59.76)","12.64 (1.29–124.30)*","0.94 (0.07–12.44)","0.00 (NaN–NaN)","0.00 (NaN–NaN)",0.000781667244103831,0.129409593309818,0.0295809974594126,0.960130150807891,NA,NA
"strata2_1_0_4","10.56 (1.98–56.29)**","3.14 (0.22–44.03)","11.36 (0.99–129.65)","1.28 (0.07–21.84)","550747.90 (NaN–NaN)","0.00 (NaN–NaN)",0.00576008078546636,0.395736952049875,0.0505115637298214,0.865424466026977,NA,NA
"strata0_0_1_4","6.30 (1.90–20.91)**","2.62 (0.32–21.20)","11.40 (1.42–91.73)*","0.58 (0.06–6.07)","363260.88 (NaN–NaN)","0.00 (NaN–NaN)",0.00263179745341472,0.367782235379009,0.0221520026839925,0.648846942491162,NA,NA
"strata1_0_1_4","6.80 (1.99–23.27)**","4.00 (0.48–33.04)","11.65 (1.42–95.48)*","0.78 (0.07–8.41)","352824.34 (NaN–NaN)","0.00 (NaN–NaN)",0.00226312163064728,0.198632404070745,0.0221613470842985,0.837146629044648,NA,NA
"strata2_0_1_4","5.54 (1.62–18.94)**","4.97 (0.60–41.12)","11.88 (1.45–97.59)*","1.36 (0.12–14.98)","403860.56 (NaN–NaN)","0.00 (NaN–NaN)",0.00628359567527066,0.136712431544481,0.0212513400125483,0.801825529984176,NA,NA
"strata0_1_1_4","5.58 (1.69–18.48)**","2.48 (0.31–20.10)","8.84 (1.10–71.01)*","0.66 (0.06–6.88)","313128.77 (NaN–NaN)","0.00 (NaN–NaN)",0.0048649146604647,0.393663755277537,0.0404149298326606,0.725938035457793,NA,NA
"strata1_1_1_4","5.81 (1.70–19.87)**","2.64 (0.32–22.06)","12.92 (1.57–106.18)*","0.60 (0.06–6.43)","708703.51 (NaN–NaN)","0.00 (NaN–NaN)",0.00506891997658538,0.369872166736718,0.0172447825245048,0.66946646331121,NA,NA
"strata2_1_1_4","6.32 (1.87–21.30)**","4.01 (0.49–32.81)","18.92 (2.33–153.67)**","0.80 (0.07–8.51)","818046.59 (NaN–NaN)","0.00 (NaN–NaN)",0.00294863184470313,0.19502432996885,0.00594730312587501,0.851398655484152,NA,NA
"strata0_0_0_5","9.31 (2.70–32.07)***","3.24 (0.39–27.10)","12.33 (1.50–101.46)*","0.91 (0.08–9.87)","325623.70 (NaN–NaN)","0.00 (NaN–NaN)",0.000404802337239346,0.278166856812352,0.019497291286755,0.939286942832176,NA,NA
"strata1_0_0_5","25.99 (5.94–113.72)***","6.42 (0.72–57.52)","18.55 (2.07–166.40)**","0.48 (0.04–5.45)","1049497.95 (NaN–NaN)","0.00 (NaN–NaN)",1.52238609376248e-05,0.0966256292848152,0.00909376153164067,0.552737864211224,NA,NA
"strata2_0_0_5","19.85 (4.79–82.23)***","6.38 (0.70–57.82)","10.55 (1.19–93.68)*","2.04 (0.16–25.71)","3625202.17 (NaN–NaN)","0.00 (NaN–NaN)",3.7746819737977e-05,0.0996475033021159,0.0345199983257775,0.580895142319655,NA,NA
"strata0_1_0_5","5.64 (1.59–20.05)**","1.91 (0.22–16.64)","7.37 (0.87–62.12)","0.42 (0.04–4.71)","0.00 (NaN–NaN)","0.00 (NaN–NaN)",0.0074837615622126,0.559968095273215,0.0662196450604638,0.480245476627701,NA,NA
"strata1_1_0_5","10.76 (2.30–50.46)**","2.28 (0.21–24.26)","14.11 (1.45–137.41)*","0.24 (0.02–3.24)","264863.51 (NaN–NaN)","0.00 (NaN–NaN)",0.00258090962982476,0.494357940536238,0.0226371660992234,0.283235284752292,NA,NA
"strata2_1_0_5","48.55 (4.46–528.07)**","1.18 (0.06–22.60)","9.50 (0.85–105.85)","0.14 (0.01–2.04)","95791983517855534833483868001579147037511295977942908057618813885172306107384397352200730899906560.00 (NaN–NaN)","0.00 (NaN–NaN)",0.00142914640320101,0.913276448231919,0.0671930171668605,0.148450762281473,NA,NA
"strata0_0_1_5","8.06 (2.41–27.01)***","3.25 (0.40–26.55)","12.07 (1.49–97.75)*","0.65 (0.06–6.85)","354775.13 (NaN–NaN)","0.00 (NaN–NaN)",0.000719108011346428,0.271132866870368,0.0195667594196251,0.718782192141003,NA,NA
"strata1_0_1_5","11.93 (3.34–42.64)***","2.83 (0.33–24.10)","15.16 (1.82–126.41)*","0.78 (0.07–8.64)","271166.82 (NaN–NaN)","0.00 (NaN–NaN)",0.000137172256907617,0.341001494540246,0.0119864289489688,0.843147893598208,NA,NA
"strata2_0_1_5","6.03 (1.72–21.20)**","4.54 (0.54–38.34)","19.70 (2.35–165.29)**","0.96 (0.09–10.79)","1365188.30 (NaN–NaN)","0.00 (NaN–NaN)",0.00505753094392431,0.164213833897952,0.00601995994296788,0.973094323303511,NA,NA
"strata0_1_1_5","7.03 (2.10–23.46)**","2.46 (0.30–20.04)","7.20 (0.89–58.22)","0.60 (0.06–6.31)","178311.58 (NaN–NaN)","0.00 (NaN–NaN)",0.00152799408047563,0.401498090241303,0.064051830761791,0.670039367733042,NA,NA
"strata1_1_1_5","7.68 (2.19–26.87)**","2.28 (0.27–19.38)","10.63 (1.28–88.25)*","0.51 (0.05–5.62)","153914.41 (NaN–NaN)","0.00 (NaN–NaN)",0.00143047095741102,0.451226294043997,0.0286346194698265,0.584389377369788,NA,NA
"strata2_1_1_5","7.35 (2.15–25.09)**","4.29 (0.52–35.47)","15.24 (1.86–124.93)*","0.85 (0.08–9.16)","1277416.29 (NaN–NaN)","0.00 (NaN–NaN)",0.00145679694009556,0.17637923015983,0.0111462393615812,0.893659228718351,NA,NA
"strata0_0_0_6","19.78 (5.84–67.01)***","3.05 (0.37–24.99)","10.53 (1.30–85.37)*","0.45 (0.04–4.76)","165747.95 (NaN–NaN)","0.00 (NaN–NaN)",1.64192716725898e-06,0.299237077104669,0.0275030685347415,0.509498648813021,NA,NA
"strata1_0_0_6","19.40 (5.41–69.54)***","5.72 (0.68–48.43)","12.83 (1.53–107.33)*","0.53 (0.05–5.71)","326149.63 (NaN–NaN)","0.00 (NaN–NaN)",5.30519121740819e-06,0.109334008401065,0.0185363738623567,0.599597820572038,NA,NA
"strata2_0_0_6","23.02 (6.27–84.51)***","6.94 (0.82–58.88)","18.25 (2.16–153.92)**","0.80 (0.07–8.74)","432287.54 (NaN–NaN)","0.00 (NaN–NaN)",2.27740256950528e-06,0.0758823878984501,0.00758482915755408,0.856767230722986,NA,NA
"strata0_1_0_6","12.32 (3.55–42.77)***","2.66 (0.32–22.30)","10.27 (1.25–84.63)*","0.37 (0.03–3.93)","283331.19 (NaN–NaN)","0.00 (NaN–NaN)",7.67783206837204e-05,0.368361271624699,0.0304310385434356,0.406228978305134,NA,NA
"strata1_1_0_6","15.96 (3.79–67.21)***","1.75 (0.18–17.39)","5.27 (0.57–48.43)","0.32 (0.03–3.91)","243483.35 (NaN–NaN)","0.00 (NaN–NaN)",0.000159313390107745,0.634362631749774,0.141667457124171,0.374979552003062,NA,NA
"strata2_1_0_6","18.16 (4.37–75.39)***","4.46 (0.48–41.20)","17.57 (1.93–160.14)*","0.65 (0.06–7.62)","1194034.68 (NaN–NaN)","0.00 (NaN–NaN)",6.57163954335693e-05,0.187016057078644,0.0110038939222303,0.730680889120083,NA,NA
"strata0_0_1_6","20.82 (6.02–71.95)***","4.11 (0.50–33.88)","9.81 (1.20–80.16)*","0.54 (0.05–5.76)","200774.12 (NaN–NaN)","0.00 (NaN–NaN)",1.60415883871836e-06,0.18893408385809,0.0331806724846056,0.613012511269529,NA,NA
"strata1_0_1_6","10.73 (2.90–39.72)***","4.21 (0.48–36.83)","16.05 (1.87–137.45)*","0.50 (0.04–5.58)","261533.14 (NaN–NaN)","0.00 (NaN–NaN)",0.000379692016069296,0.193795169125233,0.0112979334011641,0.570311503306848,NA,NA
"strata2_0_1_6","15.11 (4.02–56.80)***","8.72 (0.99–76.47)","18.74 (2.15–163.05)**","0.86 (0.08–9.72)","654911.62 (NaN–NaN)","0.00 (NaN–NaN)",5.85792028405955e-05,0.0506579890847867,0.00793536921528102,0.902885457911748,NA,NA
"strata0_1_1_6","9.90 (2.95–33.23)***","2.63 (0.32–21.51)","7.53 (0.93–61.04)","0.41 (0.04–4.30)","171463.09 (NaN–NaN)","0.00 (NaN–NaN)",0.000205204261249488,0.368270242413132,0.0586317323680385,0.455551883626551,NA,NA
"strata1_1_1_6","9.17 (2.58–32.61)***","2.79 (0.32–24.08)","9.32 (1.11–78.33)*","0.43 (0.04–4.81)","307619.04 (NaN–NaN)","0.00 (NaN–NaN)",0.000615906057371536,0.350515512840691,0.0398730298728052,0.496310078619733,NA,NA
"strata2_1_1_6","10.60 (3.11–36.12)***","4.89 (0.59–40.44)","13.69 (1.67–112.02)*","0.69 (0.07–7.39)","731156.55 (NaN–NaN)","0.00 (NaN–NaN)",0.000160206672658723,0.140588391486669,0.0146916238966107,0.76159738546387,NA,NA
